,days_ahead,exp_alpha,MAE_1,MAE_4,MAE_24,MAE_96
0,3.0,0.1,31.95690093396316,62.25583661661828,112.07885252089544,97.08179162802254
