{
    "simple": {
        "MAE_1": 22.901856448875836,
        "MAE_2": 31.281173409555084,
        "MAE_3": 38.44387543609135,
        "MAE_6": 54.654035460185426,
        "MAE_7": 58.70733633049534,
        "MAE_8": 62.21666908666041,
        "MAE_9": 65.24857905714012,
        "MAE_10": 67.86361728128628,
        "MAE_11": 70.11307981830781,
        "MAE_12": 72.04147572287636,
        "MAE_24": 80.35765623041617,
        "MAE_36": 78.51878356502057,
        "MAE_48": 75.63284464814036,
        "MAE_60": 73.38424741425058,
        "MAE_72": 71.75614428780612,
        "MAE_84": 70.56356156654518,
        "MAE_96": 69.66616506415109,
        "MAPE_1": 0.5604360363127937,
        "MAPE_2": 0.6808605797337406,
        "MAPE_3": 0.7221782550781891,
        "MAPE_4": 0.7129872972874752,
        "MAPE_5": 0.6933209934992611,
        "MAPE_6": 0.7361412256102052,
        "MAPE_7": 0.7242356107827516,
        "MAPE_8": 0.7045195504536963,
        "MAPE_9": 0.7182488900085747,
        "MAPE_10": 0.72989377005569,
        "MAPE_11": 0.7353115726525778,
        "MAPE_12": 0.7255432841666076,
        "MAPE_24": 0.682095419694307,
        "MAPE_36": 1.1174415353680494,
        "MAPE_48": 14.626819472629965,
        "MAPE_60": 99.22956593381386,
        "MAPE_72": 316.78364354799487,
        "MAPE_84": 536.8648353900219,
        "MAPE_96": 528.2939693541892
    },
    "xgb": {
        "rmse": 222.011997345192,
        "mae": 114.92102231675274,
        "mape": -1545897753223798.5
    }
}