{
    "simple": {
        "MAE_1": 1.2556371041354588,
        "MAE_2": 1.6362608017501485,
        "MAE_3": 1.9551491232803069,
        "MAE_4": 2.231961917377444,
        "MAE_5": 2.478648776581742,
        "MAE_6": 2.6984300042056213,
        "MAE_7": 2.894831660176411,
        "MAE_8": 3.070233289189394,
        "MAE_9": 3.2276814580802013,
        "MAE_10": 3.36888082237626,
        "MAE_11": 3.495424946040332,
        "MAE_12": 3.6091241078016716,
        "MAE_24": 4.3619400256077085,
        "MAE_36": 4.639996932580783,
        "MAE_48": 4.788250662092961,
        "MAE_60": 4.882370412935166,
        "MAE_72": 4.947035667151779,
        "MAE_84": 4.994585334443342,
        "MAE_96": 5.031597368667771,
        "MAPE_1": 0.017869761382616513,
        "MAPE_2": 0.023197447351335346,
        "MAPE_3": 0.027636770755286248,
        "MAPE_4": 0.031463177366007004,
        "MAPE_5": 0.034845836012931286,
        "MAPE_6": 0.03784260852854089,
        "MAPE_7": 0.040506733215841535,
        "MAPE_8": 0.04287722042440324,
        "MAPE_9": 0.044997123947965456,
        "MAPE_10": 0.046892998691970424,
        "MAPE_11": 0.048590515993271625,
        "MAPE_12": 0.05011659264413104,
        "MAPE_24": 0.060981599205157756,
        "MAPE_36": 0.0697580925382969,
        "MAPE_48": 0.0914692024813653,
        "MAPE_60": 0.16243796007206363,
        "MAPE_72": 0.4030233913923889,
        "MAPE_84": 1.2231740956598873,
        "MAPE_96": 4.006164981323082
    },
    "xgb": {
        "rmse": 3.8668375763097105,
        "mae": 2.662078489202055,
        "mape": 3.799962563339849
    }
}